{"mean_fit_time":{"0":13.4014263948,"1":13.0914159616,"2":12.6941210429,"3":14.720537583,"4":12.9967788061,"5":12.3091970285,"6":12.3286932309,"7":11.6335468292,"8":12.4799481233,"9":12.1418538888,"10":13.6021366914,"11":15.6492095788,"12":16.6995871067,"13":15.2145427863,"14":13.4650409222,"15":14.2059826851,"16":15.7502747377,"17":16.9995498657,"18":19.0048177242,"19":20.4936285814,"20":16.2647699515,"21":18.6861426036,"22":19.8097647031,"23":21.3172414303,"24":22.7657081286,"25":17.0221467813,"26":18.6829577287,"27":17.6160391967,"28":20.8581987222,"29":19.5119178295},"std_fit_time":{"0":0.841591091,"1":1.188101966,"2":0.2876733056,"3":1.5703548295,"4":1.6648644966,"5":0.3795011417,"6":1.0849618426,"7":0.7077687657,"8":0.6004976098,"9":1.5370401963,"10":0.1539042252,"11":0.2885407536,"12":0.4359190583,"13":2.0898034073,"14":0.8736284044,"15":0.1223558351,"16":0.192606736,"17":0.4463842821,"18":0.2955652705,"19":0.6410832436,"20":0.918164611,"21":0.20161182,"22":0.3441730915,"23":1.4382108513,"24":0.9749079187,"25":0.6167328925,"26":0.3216155648,"27":0.5233389898,"28":0.2682993674,"29":2.3369911076},"mean_score_time":{"0":0.0109708309,"1":0.0159571171,"2":0.0159573555,"3":0.0188029607,"4":0.0199468931,"5":0.0106383165,"6":0.0136299928,"7":0.0152920087,"8":0.0172870954,"9":0.0199465752,"10":0.0099710623,"11":0.0132977962,"12":0.016622146,"13":0.0176204046,"14":0.0201137066,"15":0.0109702746,"16":0.0132972399,"17":0.0156234105,"18":0.0186169147,"19":0.0209434032,"20":0.0114908218,"21":0.0132981141,"22":0.017286857,"23":0.0186219215,"24":0.0224761168,"25":0.0128355026,"26":0.0134677887,"27":0.0162901084,"28":0.0179476738,"29":0.0219713052},"std_score_time":{"0":0.0000008485,"1":0.0028204672,"2":0.0000011841,"3":0.0002259036,"4":0.0000002974,"5":0.0004694036,"6":0.0004695721,"7":0.0004699655,"8":0.000469797,"9":0.0000003372,"10":0.0000024726,"11":0.0004706962,"12":0.0009403244,"13":0.0004714288,"14":0.000236191,"15":0.0000006837,"16":0.0004697408,"17":0.0004700796,"18":0.0004705277,"19":0.0008144908,"20":0.0004079612,"21":0.0004701341,"22":0.0009407757,"23":0.0004804314,"24":0.000660311,"25":0.0001835919,"26":0.0006998063,"27":0.0004702465,"28":0.0000049363,"29":0.0017803815},"param_alpha":{"0":0.00005,"1":0.00005,"2":0.00005,"3":0.00005,"4":0.00005,"5":0.00002,"6":0.00002,"7":0.00002,"8":0.00002,"9":0.00002,"10":0.0001,"11":0.0001,"12":0.0001,"13":0.0001,"14":0.0001,"15":0.0005,"16":0.0005,"17":0.0005,"18":0.0005,"19":0.0005,"20":0.0002,"21":0.0002,"22":0.0002,"23":0.0002,"24":0.0002,"25":0.001,"26":0.001,"27":0.001,"28":0.001,"29":0.001},"param_hidden_layer_size":{"0":20,"1":25,"2":30,"3":35,"4":40,"5":20,"6":25,"7":30,"8":35,"9":40,"10":20,"11":25,"12":30,"13":35,"14":40,"15":20,"16":25,"17":30,"18":35,"19":40,"20":20,"21":25,"22":30,"23":35,"24":40,"25":20,"26":25,"27":30,"28":35,"29":40},"params":{"0":{"alpha":0.00005,"hidden_layer_sizes":[20,20,20]},"1":{"alpha":0.00005,"hidden_layer_sizes":[25,25,25]},"2":{"alpha":0.00005,"hidden_layer_sizes":[30,30,30]},"3":{"alpha":0.00005,"hidden_layer_sizes":[35,35,35]},"4":{"alpha":0.00005,"hidden_layer_sizes":[40,40,40]},"5":{"alpha":0.00002,"hidden_layer_sizes":[20,20,20]},"6":{"alpha":0.00002,"hidden_layer_sizes":[25,25,25]},"7":{"alpha":0.00002,"hidden_layer_sizes":[30,30,30]},"8":{"alpha":0.00002,"hidden_layer_sizes":[35,35,35]},"9":{"alpha":0.00002,"hidden_layer_sizes":[40,40,40]},"10":{"alpha":0.0001,"hidden_layer_sizes":[20,20,20]},"11":{"alpha":0.0001,"hidden_layer_sizes":[25,25,25]},"12":{"alpha":0.0001,"hidden_layer_sizes":[30,30,30]},"13":{"alpha":0.0001,"hidden_layer_sizes":[35,35,35]},"14":{"alpha":0.0001,"hidden_layer_sizes":[40,40,40]},"15":{"alpha":0.0005,"hidden_layer_sizes":[20,20,20]},"16":{"alpha":0.0005,"hidden_layer_sizes":[25,25,25]},"17":{"alpha":0.0005,"hidden_layer_sizes":[30,30,30]},"18":{"alpha":0.0005,"hidden_layer_sizes":[35,35,35]},"19":{"alpha":0.0005,"hidden_layer_sizes":[40,40,40]},"20":{"alpha":0.0002,"hidden_layer_sizes":[20,20,20]},"21":{"alpha":0.0002,"hidden_layer_sizes":[25,25,25]},"22":{"alpha":0.0002,"hidden_layer_sizes":[30,30,30]},"23":{"alpha":0.0002,"hidden_layer_sizes":[35,35,35]},"24":{"alpha":0.0002,"hidden_layer_sizes":[40,40,40]},"25":{"alpha":0.001,"hidden_layer_sizes":[20,20,20]},"26":{"alpha":0.001,"hidden_layer_sizes":[25,25,25]},"27":{"alpha":0.001,"hidden_layer_sizes":[30,30,30]},"28":{"alpha":0.001,"hidden_layer_sizes":[35,35,35]},"29":{"alpha":0.001,"hidden_layer_sizes":[40,40,40]}},"split0_test_score":{"0":0.9999775792,"1":0.9999841872,"2":0.9999812888,"3":0.9999842758,"4":0.999980976,"5":0.99998317,"6":0.9999802716,"7":0.9999702254,"8":0.9999833917,"9":0.9999695769,"10":0.9999803456,"11":0.9999888578,"12":0.999986623,"13":0.9999687319,"14":0.9999710944,"15":0.999961723,"16":0.9999682224,"17":0.9999610958,"18":0.9999753578,"19":0.9999726821,"20":0.9999873525,"21":0.999966002,"22":0.9999891541,"23":0.9999890001,"24":0.9999823038,"25":0.9999228958,"26":0.9999427996,"27":0.99994473,"28":0.9999471318,"29":0.9999539932},"split1_test_score":{"0":0.999990571,"1":0.9999787603,"2":0.9999877733,"3":0.9999831633,"4":0.9999820152,"5":0.9999887052,"6":0.9999806375,"7":0.9999723393,"8":0.999988848,"9":0.999977756,"10":0.9999832733,"11":0.9999883748,"12":0.9999867084,"13":0.9999794492,"14":0.999971185,"15":0.9999498696,"16":0.9999671046,"17":0.9999579668,"18":0.9999696482,"19":0.9999637551,"20":0.9999820804,"21":0.9999808488,"22":0.9999879432,"23":0.9999839783,"24":0.9999872518,"25":0.9999270608,"26":0.9999362115,"27":0.9999213087,"28":0.9999491554,"29":0.9999396078},"split2_test_score":{"0":0.9999778801,"1":0.9999815487,"2":0.9999812504,"3":0.9999897955,"4":0.9999702528,"5":0.9999772056,"6":0.9999820973,"7":0.9999815349,"8":0.9999814848,"9":0.9999642882,"10":0.9999836832,"11":0.9999845705,"12":0.9999916164,"13":0.9999915058,"14":0.9999798661,"15":0.9999708575,"16":0.9999670585,"17":0.9999590565,"18":0.9999768123,"19":0.9999723731,"20":0.9999831633,"21":0.9999800862,"22":0.9999843921,"23":0.9999816316,"24":0.9999806733,"25":0.9999231776,"26":0.9999186135,"27":0.9999402095,"28":0.9999408977,"29":0.9999444009},"mean_test_score":{"0":0.9999820101,"1":0.9999814987,"2":0.9999834375,"3":0.9999857448,"4":0.999977748,"5":0.9999830269,"6":0.9999810021,"7":0.9999746999,"8":0.9999845749,"9":0.9999705404,"10":0.999982434,"11":0.9999872677,"12":0.9999883159,"13":0.9999798956,"14":0.9999740485,"15":0.9999608167,"16":0.9999674618,"17":0.999959373,"18":0.9999739394,"19":0.9999696035,"20":0.9999841987,"21":0.9999756457,"22":0.9999871631,"23":0.99998487,"24":0.9999834096,"25":0.999924378,"26":0.9999325415,"27":0.999935416,"28":0.9999457283,"29":0.9999460007},"std_test_score":{"0":0.0000060547,"1":0.0000022158,"2":0.0000030659,"3":0.0000029,"4":0.0000053169,"5":0.0000046958,"6":0.0000007887,"7":0.0000049095,"8":0.0000031202,"9":0.0000055402,"10":0.0000014862,"11":0.0000019174,"12":0.000002334,"13":0.0000093028,"14":0.0000041138,"15":0.0000085922,"16":0.0000005381,"17":0.0000012969,"18":0.0000030919,"19":0.0000041373,"20":0.0000022734,"21":0.0000068262,"22":0.0000020208,"23":0.0000030736,"24":0.0000027972,"25":0.0000019005,"26":0.0000102093,"27":0.0000101447,"28":0.0000035142,"29":0.0000059808},"rank_test_score":{"0":12,"1":13,"2":8,"3":4,"4":16,"5":10,"6":14,"7":18,"8":6,"9":21,"10":11,"11":2,"12":1,"13":15,"14":19,"15":24,"16":23,"17":25,"18":20,"19":22,"20":7,"21":17,"22":3,"23":5,"24":9,"25":30,"26":29,"27":28,"28":27,"29":26},"split0_train_score":{"0":0.9999775109,"1":0.9999832891,"2":0.9999808958,"3":0.999983806,"4":0.9999803552,"5":0.9999826447,"6":0.9999798797,"7":0.9999699861,"8":0.999983317,"9":0.9999693698,"10":0.9999803717,"11":0.9999887475,"12":0.9999861695,"13":0.9999687958,"14":0.9999703746,"15":0.999961728,"16":0.9999676732,"17":0.999960556,"18":0.9999750364,"19":0.9999724553,"20":0.9999873075,"21":0.9999652139,"22":0.9999888465,"23":0.9999886926,"24":0.9999821111,"25":0.9999220881,"26":0.9999414869,"27":0.9999435166,"28":0.9999457463,"29":0.9999533389},